kid2019,ejahr,immigrated,migrated,migration_balance
01,2021,148278,125264,23014
01001,2021,8712,7251,1461
01002,2021,14398,14358,40
01003,2021,11220,9698,1522
01004,2021,4687,4783,-96
01051,2021,5619,4104,1515
01053,2021,10051,7740,2311
01054,2021,7427,6214,1213
01055,2021,9467,7433,2034
01056,2021,15629,13261,2368
01057,2021,5610,4517,1093
01058,2021,13520,11202,2318
01059,2021,9479,7561,1918
01060,2021,15110,12055,3055
01061,2021,5536,4711,825
01062,2021,11813,10376,1437
02000,2021,87108,87178,-70
03,2021,399216,350092,49124
031,2021,85591,78120,7471
03101,2021,15913,15010,903
03102,2021,4939,4853,86
03103,2021,5949,5596,353
03151,2021,6955,5944,1011
03152,2021,-,-,#VALUE!
03153,2021,6635,5941,694
03154,2021,4088,3663,425
03155,2021,5087,4163,924
03156,2021,-,-,#VALUE!
03157,2021,6312,4956,1356
03158,2021,4945,4564,381
03159,2021,24768,23430,1338
032,2021,85140,75159,9981
03241,2021,42768,38280,4488
03241001,2021,25976,21463,4513
03251,2021,10650,9187,1463
03252,2021,6353,5104,1249
03254,2021,9960,9183,777
03255,2021,3056,2729,327
03256,2021,5586,4734,852
03257,2021,6767,5942,825
033,2021,84520,68977,15543
03351,2021,8210,6964,1246
03352,2021,8258,6322,1936
03353,2021,13297,11116,2181
03354,2021,2186,1692,494
03355,2021,9261,7944,1317
03356,2021,4529,3724,805
03357,2021,6895,5844,1051
03358,2021,12805,10187,2618
03359,2021,8939,7319,1620
03360,2021,4046,3048,998
03361,2021,6094,4817,1277
034,2021,143965,127836,16129
03401,2021,3989,3951,38
03402,2021,2497,2541,-44
03403,2021,12748,11941,807
03404,2021,13236,12501,735
03405,2021,4151,3797,354
03451,2021,6662,5531,1131
03452,2021,7418,6256,1162
03453,2021,13928,12898,1030
03454,2021,18047,15171,2876
03455,2021,4274,3756,518
03456,2021,4841,4015,826
03457,2021,7450,6026,1424
03458,2021,8723,7692,1031
03459,2021,21501,18893,2608
03460,2021,7721,6949,772
03461,2021,3894,3442,452
03462,2021,2885,2476,409
04,2021,33625,35684,-2059
04011,2021,26591,28841,-2250
04012,2021,7034,6843,191
05,2021,809481,763617,45864
051,2021,246429,233370,13059
05111,2021,38230,39276,-1046
05112,2021,22401,21849,552
05113,2021,29721,30861,-1140
05114,2021,11104,9977,1127
05116,2021,16894,14770,2124
05117,2021,7196,6624,572
05119,2021,8337,8073,264
05120,2021,5371,4752,619
05122,2021,6110,5849,261
05124,2021,16441,16031,410
05154,2021,16908,14849,2059
05158,2021,20109,17897,2212
05162,2021,20279,18851,1428
05166,2021,11397,10154,1243
05170,2021,15931,13557,2374
053,2021,211199,204972,6227
05314,2021,24594,23210,1384
05315,2021,52006,61456,-9450
05316,2021,7090,6844,246
05334,2021,24602,23291,1311
05334002,2021,16493,14795,1698
05354,2021,-,-,#VALUE!
05358,2021,12463,10140,2323
05362,2021,22240,19300,2940
05366,2021,8960,7849,1111
05370,2021,11350,8676,2674
05374,2021,9357,8394,963
05378,2021,12353,11178,1175
05382,2021,26184,24634,1550
055,2021,112636,101143,11493
05512,2021,4267,3744,523
05513,2021,13235,11552,1683
05515,2021,19732,18853,879
05554,2021,12173,10465,1708
05558,2021,8810,7877,933
05562,2021,23598,21402,2196
05566,2021,18901,16586,2315
05570,2021,11920,10664,1256
057,2021,93926,86268,7658
05711,2021,20085,19266,819
05754,2021,18865,17178,1687
05758,2021,10896,9935,961
05762,2021,6332,5522,810
05766,2021,12354,11824,530
05770,2021,12363,10527,1836
05774,2021,13031,12016,1015
059,2021,145291,137864,7427
05911,2021,17442,16957,485
05913,2021,27380,27103,277
05914,2021,8285,7693,592
05915,2021,8985,8048,937
05916,2021,7300,6767,533
05954,2021,11475,10912,563
05958,2021,8537,7961,576
05962,2021,11661,11636,25
05966,2021,4349,4247,102
05970,2021,9738,9922,-184
05974,2021,13320,11197,2123
05978,2021,16819,15421,1398
06,2021,346357,332791,13566
064,2021,228517,225949,2568
06411,2021,14030,13541,489
06412,2021,53046,60453,-7407
06413,2021,11654,11609,45
06414,2021,16457,16240,217
06431,2021,12225,11139,1086
06432,2021,14341,14573,-232
06433,2021,14637,14248,389
06434,2021,12494,11923,571
06435,2021,18588,15945,2643
06436,2021,12793,12601,192
06437,2021,4351,3683,668
06438,2021,17659,16329,1330
06439,2021,9045,8608,437
06440,2021,17197,15057,2140
065,2021,61077,55600,5477
06531,2021,25666,24070,1596
06532,2021,8437,7483,954
06533,2021,8277,7056,1221
06534,2021,13966,13115,851
06535,2021,4731,3876,855
066,2021,56763,51242,5521
06611,2021,13988,14496,-508
06631,2021,8348,7236,1112
06632,2021,5358,4865,493
06633,2021,10432,8864,1568
06634,2021,7435,6124,1311
06635,2021,6652,5731,921
06636,2021,4550,3926,624
07,2021,227476,206752,20724
071,2021,71829,63407,8422
07111,2021,8459,7922,537
07131,2021,5364,7001,-1637
07132,2021,5668,4921,747
07133,2021,7070,5782,1288
07134,2021,3733,3148,585
07135,2021,2950,2418,532
07137,2021,9990,8626,1364
07138,2021,8942,7226,1716
07140,2021,4693,3855,838
07141,2021,6079,5269,810
07143,2021,8881,7239,1642
072,2021,36095,31948,4147
07211,2021,12065,11995,70
07231,2021,5859,4887,972
07232,2021,5745,4498,1247
07233,2021,3156,2357,799
07235,2021,9270,8211,1059
073,2021,119552,111397,8155
07311,2021,3398,3262,136
07312,2021,6908,7050,-142
07313,2021,3738,3382,356
07314,2021,10429,10695,-266
07315,2021,15949,15839,110
07316,2021,3038,2605,433
07317,2021,2548,2240,308
07318,2021,4883,4865,18
07319,2021,5606,5058,548
07320,2021,1993,1746,247
07331,2021,7188,6413,775
07332,2021,6351,5474,877
07333,2021,3598,3190,408
07334,2021,6043,5569,474
07335,2021,5269,4824,445
07336,2021,4515,4329,186
07337,2021,5441,4619,822
07338,2021,8020,7289,731
07339,2021,10924,9668,1256
07340,2021,3713,3280,433
08,2021,587678,557835,29843
081,2021,201187,200584,603
08111,2021,41307,46251,-4944
08115,2021,17961,18161,-200
08116,2021,23959,24027,-68
08117,2021,10331,9528,803
08118,2021,23672,24319,-647
08119,2021,16318,15942,376
08121,2021,9856,10535,-679
08125,2021,18730,17255,1475
08126,2021,5008,4417,591
08127,2021,9111,7548,1563
08128,2021,5397,4753,644
08135,2021,6156,5617,539
08136,2021,13381,12231,1150
082,2021,170744,161606,9138
08211,2021,3638,3335,303
08212,2021,21740,23128,-1388
08215,2021,22327,19794,2533
08216,2021,9896,8969,927
08221,2021,25766,25668,98
08222,2021,23852,21759,2093
08225,2021,5873,5200,673
08226,2021,24264,22542,1722
08231,2021,8215,8596,-381
08235,2021,8878,8127,751
08236,2021,10104,9305,799
08237,2021,6191,5183,1008
083,2021,116389,105332,11057
08311,2021,20919,20321,598
08315,2021,15625,14564,1061
08316,2021,7996,6802,1194
08317,2021,16347,13633,2714
08325,2021,5763,5315,448
08326,2021,9561,8504,1057
08327,2021,6582,5832,750
08335,2021,16305,14683,1622
08336,2021,9890,8918,972
08337,2021,7401,6760,641
084,2021,99358,90313,9045
08415,2021,11901,11095,806
08416,2021,15177,14167,1010
08417,2021,7993,6737,1256
08421,2021,10527,10110,417
08425,2021,10344,9022,1322
08426,2021,8778,7915,863
08435,2021,11433,10150,1283
08436,2021,13513,12418,1095
08437,2021,9692,8699,993
09,2021,728587,675815,52772
091,2021,282589,276491,6098
09161,2021,10313,9408,905
09162,2021,106216,112521,-6305
09163,2021,4398,4444,-46
09171,2021,4759,3907,852
09172,2021,4540,3961,579
09173,2021,5676,5700,-24
09174,2021,8239,7983,256
09175,2021,8582,8206,376
09176,2021,5986,5796,190
09177,2021,7566,7054,512
09178,2021,12421,11954,467
09179,2021,12180,12158,22
09180,2021,4710,4523,187
09181,2021,5620,5168,452
09182,2021,4531,4507,24
09183,2021,6757,5356,1401
09184,2021,25311,24932,379
09185,2021,4244,3507,737
09186,2021,7516,7021,495
09187,2021,12384,10330,2054
09188,2021,8240,7805,435
09189,2021,6773,5343,1430
09190,2021,5627,4907,720
092,2021,64314,54910,9404
09261,2021,6184,6012,172
09262,2021,4823,3954,869
09263,2021,3806,3399,407
09271,2021,7518,6086,1432
09272,2021,2789,2120,669
09273,2021,5490,4971,519
09274,2021,8287,7239,1048
09275,2021,7785,6292,1493
09276,2021,2388,2141,247
09277,2021,5136,4165,971
09278,2021,4881,4166,715
09279,2021,5227,4365,862
093,2021,55216,48231,6985
09361,2021,2501,2334,167
09362,2021,15595,14415,1180
09363,2021,2623,2469,154
09371,2021,4089,3544,545
09372,2021,4121,3255,866
09373,2021,5440,4369,1071
09374,2021,3377,3015,362
09375,2021,9026,7923,1103
09376,2021,5932,4738,1194
09377,2021,2512,2169,343
094,2021,53880,48663,5217
09461,2021,9365,8075,1290
09462,2021,6481,6317,164
09463,2021,3109,2696,413
09464,2021,3324,3033,291
09471,2021,6033,5601,432
09472,2021,4112,3679,433
09473,2021,3547,3128,419
09474,2021,4170,3824,346
09475,2021,3509,3247,262
09476,2021,2217,1934,283
09477,2021,2663,2339,324
09478,2021,2763,2411,352
09479,2021,2587,2379,208
095,2021,98501,93626,4875
09561,2021,2834,2730,104
09562,2021,9789,8763,1026
09563,2021,8507,7547,960
09564,2021,30544,34666,-4122
09565,2021,2499,2292,207
09571,2021,8444,7082,1362
09572,2021,7443,6067,1376
09573,2021,8289,7164,1125
09574,2021,6936,6234,702
09575,2021,4399,3595,804
09576,2021,5389,4745,644
09577,2021,3428,2741,687
096,2021,67777,61251,6526
09661,2021,5295,4590,705
09662,2021,4126,3583,543
09663,2021,11448,11215,233
09671,2021,7195,6595,600
09672,2021,4306,3550,756
09673,2021,2754,2502,252
09674,2021,2767,2574,193
09675,2021,4596,4108,488
09676,2021,4753,4379,374
09677,2021,4656,3932,724
09678,2021,7677,6912,765
09679,2021,8204,7311,893
097,2021,106310,92643,13667
09761,2021,21817,20905,912
09762,2021,2778,2194,584
09763,2021,4541,4358,183
09764,2021,2854,2427,427
09771,2021,6765,6279,486
09772,2021,13462,11289,2173
09773,2021,4090,3243,847
09774,2021,6391,5223,1168
09775,2021,10927,9498,1429
09776,2021,4443,3970,473
09777,2021,6775,5359,1416
09778,2021,7975,6247,1728
09779,2021,6261,5454,807
09780,2021,7231,6197,1034
10,2021,40440,35996,4444
10041,2021,14807,13319,1488
10041100,2021,10098,8773,1325
10042,2021,4188,3513,675
10043,2021,5471,4884,587
10044,2021,7707,6611,1096
10045,2021,5491,5256,235
10046,2021,2776,2413,363
11000,2021,166524,150283,16241
11001001,2021,.,.,#VALUE!
11002002,2021,.,.,#VALUE!
11003003,2021,.,.,#VALUE!
11004004,2021,.,.,#VALUE!
11005005,2021,.,.,#VALUE!
11006006,2021,.,.,#VALUE!
11007007,2021,.,.,#VALUE!
11008008,2021,.,.,#VALUE!
11009009,2021,.,.,#VALUE!
11010010,2021,.,.,#VALUE!
11011011,2021,.,.,#VALUE!
11012012,2021,.,.,#VALUE!
12,2021,114291,88942,25349
12051,2021,3549,2474,1075
12052,2021,4338,3945,393
12053,2021,3356,3127,229
12054,2021,9623,8629,994
12060,2021,8696,5932,2764
12061,2021,9600,5960,3640
12062,2021,5244,4736,508
12063,2021,7287,5168,2119
12064,2021,7734,5623,2111
12065,2021,8900,6267,2633
12066,2021,3538,3011,527
12067,2021,9777,8203,1574
12068,2021,3605,2626,979
12069,2021,10180,7507,2673
12070,2021,2621,2139,482
12071,2021,3321,3017,304
12072,2021,9647,7702,1945
12073,2021,3275,2876,399
13,2021,67141,54086,13055
13001,2021,-,-,#VALUE!
13002,2021,-,-,#VALUE!
13003,2021,10272,9892,380
13004,2021,7159,6388,771
13005,2021,-,-,#VALUE!
13006,2021,-,-,#VALUE!
13051,2021,-,-,#VALUE!
13052,2021,-,-,#VALUE!
13053,2021,-,-,#VALUE!
13054,2021,-,-,#VALUE!
13055,2021,-,-,#VALUE!
13056,2021,-,-,#VALUE!
13057,2021,-,-,#VALUE!
13058,2021,-,-,#VALUE!
13059,2021,-,-,#VALUE!
13060,2021,-,-,#VALUE!
13061,2021,-,-,#VALUE!
13062,2021,-,-,#VALUE!
13071,2021,7969,6009,1960
13072,2021,8842,6724,2118
13073,2021,8988,6378,2610
13074,2021,6224,4802,1422
13075,2021,9107,6946,2161
13076,2021,8580,6947,1633
14,2021,154676,135849,18827
141,2021,-,-,#VALUE!
14161,2021,-,-,#VALUE!
14166,2021,-,-,#VALUE!
14167,2021,-,-,#VALUE!
14171,2021,-,-,#VALUE!
14173,2021,-,-,#VALUE!
14177,2021,-,-,#VALUE!
14178,2021,-,-,#VALUE!
14181,2021,-,-,#VALUE!
14182,2021,-,-,#VALUE!
14188,2021,-,-,#VALUE!
14191,2021,-,-,#VALUE!
14193,2021,-,-,#VALUE!
142,2021,-,-,#VALUE!
14262,2021,-,-,#VALUE!
14263,2021,-,-,#VALUE!
14264,2021,-,-,#VALUE!
14272,2021,-,-,#VALUE!
14280,2021,-,-,#VALUE!
14284,2021,-,-,#VALUE!
14285,2021,-,-,#VALUE!
14286,2021,-,-,#VALUE!
14287,2021,-,-,#VALUE!
14290,2021,-,-,#VALUE!
14292,2021,-,-,#VALUE!
143,2021,-,-,#VALUE!
14365,2021,-,-,#VALUE!
14374,2021,-,-,#VALUE!
14375,2021,-,-,#VALUE!
14379,2021,-,-,#VALUE!
14383,2021,-,-,#VALUE!
14389,2021,-,-,#VALUE!
145,2021,43693,39183,4510
14511,2021,13112,12275,837
14521,2021,7662,7024,638
14522,2021,8802,7775,1027
14523,2021,5395,4854,541
14524,2021,8722,7255,1467
146,2021,57118,51809,5309
14612,2021,27610,27253,357
14625,2021,7506,6308,1198
14626,2021,6783,5897,886
14627,2021,7696,6382,1314
14628,2021,7523,5969,1554
147,2021,53865,44857,9008
14713,2021,35443,30368,5075
14729,2021,9245,7143,2102
14730,2021,9177,7346,1831
15,2021,85682,75693,9989
15001,2021,2846,2413,433
15002,2021,12653,11198,1455
15003,2021,15474,13893,1581
15081,2021,2579,2548,31
15082,2021,5316,4719,597
15083,2021,5625,4788,837
15084,2021,6723,5754,969
15085,2021,8028,7496,532
15086,2021,3374,2815,559
15087,2021,3478,2970,508
15088,2021,6553,5538,1015
15089,2021,5842,5448,394
15090,2021,3058,2594,464
15091,2021,4133,3519,614
151,2021,-,-,#VALUE!
15101,2021,-,-,#VALUE!
15151,2021,-,-,#VALUE!
15153,2021,-,-,#VALUE!
15154,2021,-,-,#VALUE!
15159,2021,-,-,#VALUE!
15171,2021,-,-,#VALUE!
152,2021,-,-,#VALUE!
15202,2021,-,-,#VALUE!
15256,2021,-,-,#VALUE!
15260,2021,-,-,#VALUE!
15261,2021,-,-,#VALUE!
15265,2021,-,-,#VALUE!
15266,2021,-,-,#VALUE!
15268,2021,-,-,#VALUE!
153,2021,-,-,#VALUE!
15303,2021,-,-,#VALUE!
15352,2021,-,-,#VALUE!
15355,2021,-,-,#VALUE!
15357,2021,-,-,#VALUE!
15358,2021,-,-,#VALUE!
15362,2021,-,-,#VALUE!
15363,2021,-,-,#VALUE!
15364,2021,-,-,#VALUE!
15367,2021,-,-,#VALUE!
15369,2021,-,-,#VALUE!
15370,2021,-,-,#VALUE!
16,2021,82937,74457,8480
16051,2021,10764,10300,464
16052,2021,4135,3823,312
16053,2021,6505,6518,-13
16054,2021,5898,5727,171
16055,2021,3930,3478,452
16056,2021,-,-,#VALUE!
16061,2021,2466,2115,351
16062,2021,2752,2650,102
16063,2021,4282,3825,457
16064,2021,3018,2406,612
16065,2021,2092,1645,447
16066,2021,4183,3645,538
16067,2021,5451,4862,589
16068,2021,2354,2036,318
16069,2021,1841,1647,194
16070,2021,4495,3637,858
16071,2021,3122,2752,370
16072,2021,2088,1916,172
16073,2021,2490,2191,299
16074,2021,2924,2544,380
16075,2021,2408,2104,304
16076,2021,3280,2684,596
16077,2021,2459,1952,507
DG,2020,3865747,3645496,220251
01,2020,147177,128112,19065
01001,2020,7608,7576,32
01002,2020,14967,14721,246
01003,2020,10726,10306,420
01004,2020,5373,5280,93
01051,2020,5157,4355,802
01053,2020,9615,7817,1798
01054,2020,8114,6113,2001
01055,2020,10040,7555,2485
01056,2020,15272,13393,1879
01057,2020,5917,4616,1301
01058,2020,13135,11393,1742
01059,2020,9784,7449,2335
01060,2020,13968,12195,1773
01061,2020,5303,4906,397
01062,2020,12198,10437,1761
02000,2020,85885,81828,4057
03,2020,373222,338929,34293
031,2020,76373,74444,1929
03101,2020,14026,14216,-190
03102,2020,4859,4991,-132
03103,2020,5910,5996,-86
03151,2020,6676,5848,828
03152,2020,-,-,#VALUE!
03153,2020,5918,6221,-303
03154,2020,4174,3524,650
03155,2020,4821,4450,371
03156,2020,-,-,#VALUE!
03157,2020,6011,4657,1354
03158,2020,4859,4593,266
03159,2020,19119,19948,-829
032,2020,80974,74228,6746
03241,2020,38820,38381,439
03241001,2020,22037,21186,851
03251,2020,10189,8424,1765
03252,2020,5974,5052,922
03254,2020,10260,9166,1094
03255,2020,3012,2737,275
03256,2020,5702,4888,814
03257,2020,7017,5580,1437
033,2020,78691,66613,12078
03351,2020,7389,6260,1129
03352,2020,8143,6252,1891
03353,2020,13008,10765,2243
03354,2020,2127,1615,512
03355,2020,7889,7494,395
03356,2020,5227,4046,1181
03357,2020,6860,5738,1122
03358,2020,9723,8995,728
03359,2020,8860,7570,1290
03360,2020,3838,3049,789
03361,2020,5627,4829,798
034,2020,137184,123644,13540
03401,2020,3926,3835,91
03402,2020,2470,2328,142
03403,2020,11403,10883,520
03404,2020,11596,12473,-877
03405,2020,3907,4294,-387
03451,2020,6682,5531,1151
03452,2020,7486,6146,1340
03453,2020,14035,12336,1699
03454,2020,17076,14938,2138
03455,2020,4322,3559,763
03456,2020,4764,3834,930
03457,2020,7444,6312,1132
03458,2020,8718,7720,998
03459,2020,18814,16709,2105
03460,2020,7560,6969,591
03461,2020,3915,3482,433
03462,2020,3066,2295,771
04,2020,32096,31607,489
04011,2020,25293,25046,247
04012,2020,6803,6561,242
05,2020,759686,735475,24211
051,2020,230028,221358,8670
05111,2020,36397,37922,-1525
05112,2020,21596,22816,-1220
05113,2020,27798,26645,1153
05114,2020,9307,9079,228
05116,2020,10677,11145,-468
05117,2020,7526,6523,1003
05119,2020,7874,8189,-315
05120,2020,4584,4035,549
05122,2020,6406,6046,360
05124,2020,15925,14728,1197
05154,2020,16235,14147,2088
05158,2020,18953,17908,1045
05162,2020,18715,17407,1308
05166,2020,11808,11006,802
05170,2020,16227,13762,2465
053,2020,204274,199986,4288
05314,2020,23149,22481,668
05315,2020,51109,55794,-4685
05316,2020,7131,6726,405
05334,2020,23769,22962,807
05334002,2020,15698,14482,1216
05354,2020,-,-,#VALUE!
05358,2020,11112,9747,1365
05362,2020,21435,21295,140
05366,2020,8941,7447,1494
05370,2020,10196,8544,1652
05374,2020,9175,8723,452
05378,2020,12295,11117,1178
05382,2020,25962,25150,812
055,2020,103652,98101,5551
05512,2020,4071,3726,345
05513,2020,11127,10871,256
05515,2020,18760,18236,524
05554,2020,11331,10513,818
05558,2020,8228,7895,333
05562,2020,22641,20123,2518
05566,2020,16143,15548,595
05570,2020,11351,11189,162
057,2020,84404,81887,2517
05711,2020,17207,17509,-302
05754,2020,17136,16911,225
05758,2020,10137,9295,842
05762,2020,5441,5460,-19
05766,2020,12247,11604,643
05770,2020,10903,10103,800
05774,2020,11333,11005,328
059,2020,137328,134143,3185
05911,2020,16562,16205,357
05913,2020,25940,25639,301
05914,2020,8757,8031,726
05915,2020,7623,7816,-193
05916,2020,7564,6694,870
05954,2020,11492,10786,706
05958,2020,8257,8085,172
05962,2020,11376,11367,9
05966,2020,4122,4342,-220
05970,2020,9098,9531,-433
05974,2020,11001,10827,174
05978,2020,15536,14820,716
06,2020,327898,311838,16060
064,2020,222018,213009,9009
06411,2020,11363,12264,-901
06412,2020,50592,52911,-2319
06413,2020,11467,11307,160
06414,2020,15929,15961,-32
06431,2020,12320,10719,1601
06432,2020,14715,14268,447
06433,2020,14529,14366,163
06434,2020,12312,11069,1243
06435,2020,18010,15903,2107
06436,2020,12948,12067,881
06437,2020,4335,3774,561
06438,2020,17738,16501,1237
06439,2020,9015,8011,1004
06440,2020,16745,13888,2857
065,2020,52127,48669,3458
06531,2020,19842,18445,1397
06532,2020,8238,7319,919
06533,2020,7961,6920,1041
06534,2020,11908,12329,-421
06535,2020,4178,3656,522
066,2020,53753,50160,3593
06611,2020,13173,14137,-964
06631,2020,7541,7275,266
06632,2020,5630,5362,268
06633,2020,10300,8838,1462
06634,2020,7175,5937,1238
06635,2020,5657,4678,979
06636,2020,4277,3933,344
07,2020,217249,199921,17328
071,2020,69132,60734,8398
07111,2020,7684,7969,-285
07131,2020,5796,4879,917
07132,2020,5524,4789,735
07133,2020,6609,5443,1166
07134,2020,3498,3095,403
07135,2020,2802,2256,546
07137,2020,9589,8593,996
07138,2020,8462,7495,967
07140,2020,4454,3807,647
07141,2020,6037,5135,902
07143,2020,8677,7273,1404
072,2020,32763,29470,3293
07211,2020,10434,10915,-481
07231,2020,5559,4918,641
07232,2020,4764,3527,1237
07233,2020,2692,2444,248
07235,2020,9314,7666,1648
073,2020,115354,109717,5637
07311,2020,3094,3004,90
07312,2020,6780,7046,-266
07313,2020,3616,3733,-117
07314,2020,11454,11072,382
07315,2020,14613,16078,-1465
07316,2020,2879,2627,252
07317,2020,2465,2176,289
07318,2020,4314,3881,433
07319,2020,4992,4955,37
07320,2020,1857,1889,-32
07331,2020,7090,5930,1160
07332,2020,6452,5415,1037
07333,2020,3602,3107,495
07334,2020,5949,5680,269
07335,2020,5160,4861,299
07336,2020,3776,3491,285
07337,2020,5397,4719,678
07338,2020,7946,7292,654
07339,2020,10071,9531,540
07340,2020,3847,3230,617
08,2020,565555,552011,13544
081,2020,194942,196059,-1117
08111,2020,39536,45792,-6256
08115,2020,17682,17958,-276
08116,2020,22627,23745,-1118
08117,2020,10772,9510,1262
08118,2020,23871,24410,-539
08119,2020,16019,15407,612
08121,2020,9568,9624,-56
08125,2020,18316,16664,1652
08126,2020,4994,4747,247
08127,2020,8625,7293,1332
08128,2020,5201,4488,713
08135,2020,5539,5132,407
08136,2020,12192,11289,903
082,2020,166033,164126,1907
08211,2020,3828,3318,510
08212,2020,20345,23228,-2883
08215,2020,21904,19275,2629
08216,2020,10149,8913,1236
08221,2020,23249,26313,-3064
08222,2020,21888,22541,-653
08225,2020,5830,5197,633
08226,2020,25804,24782,1022
08231,2020,8483,8301,182
08235,2020,9055,7947,1108
08236,2020,10190,9444,746
08237,2020,5308,4867,441
083,2020,111457,102879,8578
08311,2020,18013,18549,-536
08315,2020,16020,14607,1413
08316,2020,7629,6982,647
08317,2020,15627,13181,2446
08325,2020,5728,5218,510
08326,2020,9385,8672,713
08327,2020,6458,5583,875
08335,2020,15642,14672,970
08336,2020,9328,8727,601
08337,2020,7627,6688,939
084,2020,93123,88947,4176
08415,2020,11850,11037,813
08416,2020,13223,13862,-639
08417,2020,7723,6572,1151
08421,2020,9646,10057,-411
08425,2020,10232,9150,1082
08426,2020,8863,8107,756
08435,2020,11344,10702,642
08436,2020,12709,12195,514
08437,2020,7533,7265,268
09,2020,695488,662250,33238
091,2020,270765,264101,6664
09161,2020,9483,10094,-611
09162,2020,93973,96843,-2870
09163,2020,4428,4477,-49
09171,2020,4709,4126,583
09172,2020,4750,3902,848
09173,2020,6236,5754,482
09174,2020,8579,8328,251
09175,2020,8608,8120,488
09176,2020,6141,6034,107
09177,2020,7710,7060,650
09178,2020,12126,12017,109
09179,2020,12072,12442,-370
09180,2020,4675,4434,241
09181,2020,5972,5208,764
09182,2020,4992,4503,489
09183,2020,6317,5275,1042
09184,2020,25306,25629,-323
09185,2020,4261,3751,510
09186,2020,7877,6847,1030
09187,2020,11775,10498,1277
09188,2020,8432,8113,319
09189,2020,6450,5683,767
09190,2020,5893,4963,930
092,2020,60444,54291,6153
09261,2020,5768,6000,-232
09262,2020,3988,4175,-187
09263,2020,3444,3476,-32
09271,2020,5736,5283,453
09272,2020,2532,2160,372
09273,2020,5674,5231,443
09274,2020,8386,7063,1323
09275,2020,7746,6315,1431
09276,2020,2399,2131,268
09277,2020,4888,4036,852
09278,2020,4825,4104,721
09279,2020,5058,4317,741
093,2020,51460,48682,2778
09361,2020,2421,2363,58
09362,2020,12774,13782,-1008
09363,2020,2554,2491,63
09371,2020,3919,3606,313
09372,2020,3744,3220,524
09373,2020,5233,4428,805
09374,2020,3603,3222,381
09375,2020,8838,8403,435
09376,2020,6031,5000,1031
09377,2020,2343,2167,176
094,2020,50532,48541,1991
09461,2020,6737,7302,-565
09462,2020,6106,6441,-335
09463,2020,2778,2756,22
09464,2020,3045,3362,-317
09471,2020,6093,5575,518
09472,2020,4028,3465,563
09473,2020,3551,3235,316
09474,2020,4551,3993,558
09475,2020,3823,3357,466
09476,2020,1986,1942,44
09477,2020,2730,2408,322
09478,2020,2600,2251,349
09479,2020,2504,2454,50
095,2020,99338,95503,3835
09561,2020,2755,2825,-70
09562,2020,8811,8952,-141
09563,2020,8083,8378,-295
09564,2020,32417,34576,-2159
09565,2020,2676,2404,272
09571,2020,8444,7274,1170
09572,2020,7463,6455,1008
09573,2020,7680,6460,1220
09574,2020,7453,6519,934
09575,2020,4440,3903,537
09576,2020,5557,4844,713
09577,2020,3559,2913,646
096,2020,63886,60806,3080
09661,2020,4801,4822,-21
09662,2020,3725,3678,47
09663,2020,10951,11786,-835
09671,2020,7535,6570,965
09672,2020,3935,3521,414
09673,2020,2484,2392,92
09674,2020,2626,2566,60
09675,2020,4777,4032,745
09676,2020,4634,4322,312
09677,2020,4182,3865,317
09678,2020,6176,5742,434
09679,2020,8060,7510,550
097,2020,99063,90326,8737
09761,2020,18424,18768,-344
09762,2020,2585,2171,414
09763,2020,4560,4683,-123
09764,2020,2858,2570,288
09771,2020,6551,6154,397
09772,2020,13190,10604,2586
09773,2020,3875,3202,673
09774,2020,5698,5187,511
09775,2020,9854,9146,708
09776,2020,4290,3865,425
09777,2020,6290,5472,818
09778,2020,7552,6540,1012
09779,2020,6093,5345,748
09780,2020,7243,6619,624
10,2020,39179,36303,2876
10041,2020,13700,13217,483
10041100,2020,8969,8859,110
10042,2020,4429,3634,795
10043,2020,5404,4794,610
10044,2020,7135,6674,461
10045,2020,5783,5384,399
10046,2020,2728,2600,128
11000,2020,142923,144881,-1958
11001001,2020,.,.,#VALUE!
11002002,2020,.,.,#VALUE!
11003003,2020,.,.,#VALUE!
11004004,2020,.,.,#VALUE!
11005005,2020,.,.,#VALUE!
11006006,2020,.,.,#VALUE!
11007007,2020,.,.,#VALUE!
11008008,2020,.,.,#VALUE!
11009009,2020,.,.,#VALUE!
11010010,2020,.,.,#VALUE!
11011011,2020,.,.,#VALUE!
11012012,2020,.,.,#VALUE!
12,2020,108962,84150,24812
12051,2020,2963,2527,436
12052,2020,3759,4074,-315
12053,2020,2553,2868,-315
12054,2020,9935,8118,1817
12060,2020,8690,5705,2985
12061,2020,9011,5642,3369
12062,2020,3265,3100,165
12063,2020,7370,4946,2424
12064,2020,8041,5274,2767
12065,2020,8548,6221,2327
12066,2020,3401,3125,276
12067,2020,9064,7301,1763
12068,2020,3393,2652,741
12069,2020,10177,7760,2417
12070,2020,2895,2238,657
12071,2020,3371,2854,517
12072,2020,9184,6872,2312
12073,2020,3342,2873,469
13,2020,66143,53562,12581
13001,2020,-,-,#VALUE!
13002,2020,-,-,#VALUE!
13003,2020,10377,9888,489
13004,2020,5867,5351,516
13005,2020,-,-,#VALUE!
13006,2020,-,-,#VALUE!
13051,2020,-,-,#VALUE!
13052,2020,-,-,#VALUE!
13053,2020,-,-,#VALUE!
13054,2020,-,-,#VALUE!
13055,2020,-,-,#VALUE!
13056,2020,-,-,#VALUE!
13057,2020,-,-,#VALUE!
13058,2020,-,-,#VALUE!
13059,2020,-,-,#VALUE!
13060,2020,-,-,#VALUE!
13061,2020,-,-,#VALUE!
13062,2020,-,-,#VALUE!
13071,2020,7521,5732,1789
13072,2020,9256,6820,2436
13073,2020,9165,6705,2460
13074,2020,6723,5221,1502
13075,2020,8762,6692,2070
13076,2020,8472,7153,1319
14,2020,148419,134020,14399
141,2020,-,-,#VALUE!
14161,2020,-,-,#VALUE!
14166,2020,-,-,#VALUE!
14167,2020,-,-,#VALUE!
14171,2020,-,-,#VALUE!
14173,2020,-,-,#VALUE!
14177,2020,-,-,#VALUE!
14178,2020,-,-,#VALUE!
14181,2020,-,-,#VALUE!
14182,2020,-,-,#VALUE!
14188,2020,-,-,#VALUE!
14191,2020,-,-,#VALUE!
14193,2020,-,-,#VALUE!
142,2020,-,-,#VALUE!
14262,2020,-,-,#VALUE!
14263,2020,-,-,#VALUE!
14264,2020,-,-,#VALUE!
14272,2020,-,-,#VALUE!
14280,2020,-,-,#VALUE!
14284,2020,-,-,#VALUE!
14285,2020,-,-,#VALUE!
14286,2020,-,-,#VALUE!
14287,2020,-,-,#VALUE!
14290,2020,-,-,#VALUE!
14292,2020,-,-,#VALUE!
143,2020,-,-,#VALUE!
14365,2020,-,-,#VALUE!
14374,2020,-,-,#VALUE!
14375,2020,-,-,#VALUE!
14379,2020,-,-,#VALUE!
14383,2020,-,-,#VALUE!
14389,2020,-,-,#VALUE!
145,2020,40722,38656,2066
14511,2020,11718,11862,-144
14521,2020,7261,6695,566
14522,2020,8430,8029,401
14523,2020,5497,5023,474
14524,2020,7816,7047,769
146,2020,56421,51879,4542
14612,2020,26453,26340,113
14625,2020,7409,6384,1025
14626,2020,7038,6025,1013
14627,2020,8124,7217,907
14628,2020,7397,5913,1484
147,2020,51276,43485,7791
14713,2020,34051,29402,4649
14729,2020,9103,7217,1886
14730,2020,8122,6866,1256
15,2020,80075,76236,3839
15001,2020,2700,2570,130
15002,2020,11528,11390,138
15003,2020,12694,13413,-719
15081,2020,2491,2374,117
15082,2020,5240,4987,253
15083,2020,5621,4827,794
15084,2020,6363,5893,470
15085,2020,7266,7483,-217
15086,2020,3261,2630,631
15087,2020,3298,3072,226
15088,2020,6530,5567,963
15089,2020,5846,5548,298
15090,2020,3005,2793,212
15091,2020,4232,3689,543
151,2020,-,-,#VALUE!
15101,2020,-,-,#VALUE!
15151,2020,-,-,#VALUE!
15153,2020,-,-,#VALUE!
15154,2020,-,-,#VALUE!
15159,2020,-,-,#VALUE!
15171,2020,-,-,#VALUE!
152,2020,-,-,#VALUE!
15202,2020,-,-,#VALUE!
15256,2020,-,-,#VALUE!
15260,2020,-,-,#VALUE!
15261,2020,-,-,#VALUE!
15265,2020,-,-,#VALUE!
15266,2020,-,-,#VALUE!
15268,2020,-,-,#VALUE!
153,2020,-,-,#VALUE!
15303,2020,-,-,#VALUE!
15352,2020,-,-,#VALUE!
15355,2020,-,-,#VALUE!
15357,2020,-,-,#VALUE!
15358,2020,-,-,#VALUE!
15362,2020,-,-,#VALUE!
15363,2020,-,-,#VALUE!
15364,2020,-,-,#VALUE!
15367,2020,-,-,#VALUE!
15369,2020,-,-,#VALUE!
15370,2020,-,-,#VALUE!
16,2020,75790,74373,1417
16051,2020,10300,10109,191
16052,2020,3600,3870,-270
16053,2020,5785,6319,-534
16054,2020,3686,3666,20
16055,2020,3714,3548,166
16056,2020,1822,1856,-34
16061,2020,2265,2390,-125
16062,2020,2340,2657,-317
16063,2020,3096,3294,-198
16064,2020,2775,2508,267
16065,2020,1890,1850,40
16066,2020,3781,3444,337
16067,2020,5351,4721,630
16068,2020,2136,1935,201
16069,2020,1691,1730,-39
16070,2020,3989,3826,163
16071,2020,3157,2606,551
16072,2020,1729,1839,-110
16073,2020,2302,2297,5
16074,2020,3096,2792,304
16075,2020,2216,2244,-28
16076,2020,2989,2707,282
16077,2020,2080,2165,-85
DG,2019,4379825,4052765,327060
01,2019,155879,138358,17521
01001,2019,8903,8039,864
01002,2019,14635,15355,-720
01003,2019,11118,10814,304
01004,2019,6726,5778,948
01051,2019,5634,4867,767
01053,2019,9943,8470,1473
01054,2019,8401,7027,1374
01055,2019,10038,8568,1470
01056,2019,17363,14812,2551
01057,2019,5928,5297,631
01058,2019,13601,11214,2387
01059,2019,9911,8015,1896
01060,2019,14971,13366,1605
01061,2019,5858,5476,382
01062,2019,12849,11260,1589
02000,2019,97239,92236,5003
03,2019,423309,388280,35029
031,2019,93368,88669,4699
03101,2019,16412,14921,1491
03102,2019,6048,6465,-417
03103,2019,6794,6348,446
03151,2019,7375,6626,749
03152,2019,-,-,#VALUE!
03153,2019,7570,6973,597
03154,2019,4422,3874,548
03155,2019,5084,4740,344
03156,2019,-,-,#VALUE!
03157,2019,6434,5261,1173
03158,2019,5226,5051,175
03159,2019,28003,28410,-407
032,2019,92142,85556,6586
03241,2019,46341,43707,2634
03241001,2019,27380,24469,2911
03251,2019,10759,9875,884
03252,2019,6636,5775,861
03254,2019,11065,10435,630
03255,2019,3213,3148,65
03256,2019,6867,6377,490
03257,2019,7261,6239,1022
033,2019,86049,74635,11414
03351,2019,7897,7125,772
03352,2019,8491,7427,1064
03353,2019,13969,11835,2134
03354,2019,2256,1876,380
03355,2019,9574,8471,1103
03356,2019,5184,4338,846
03357,2019,7307,6497,810
03358,2019,11095,9653,1442
03359,2019,9959,8251,1708
03360,2019,4114,3661,453
03361,2019,6203,5501,702
034,2019,151750,139420,12330
03401,2019,4485,4453,32
03402,2019,2686,2838,-152
03403,2019,12473,11548,925
03404,2019,13727,13235,492
03405,2019,5370,5034,336
03451,2019,7136,6106,1030
03452,2019,8145,7523,622
03453,2019,15026,14060,966
03454,2019,18660,17154,1506
03455,2019,4977,4214,763
03456,2019,5257,4491,766
03457,2019,8329,6875,1454
03458,2019,10626,9601,1025
03459,2019,18712,17626,1086
03460,2019,8884,8150,734
03461,2019,4157,3805,352
03462,2019,3100,2707,393
04,2019,38485,39259,-774
04011,2019,30688,31711,-1023
04012,2019,7797,7548,249
05,2019,873517,826261,47256
051,2019,268946,252334,16612
05111,2019,42712,40774,1938
05112,2019,28094,26995,1099
05113,2019,29306,29064,242
05114,2019,11907,10985,922
05116,2019,16844,16536,308
05117,2019,7905,7394,511
05119,2019,10008,9322,686
05120,2019,5093,4420,673
05122,2019,7100,6851,249
05124,2019,17118,15574,1544
05154,2019,17838,15427,2411
05158,2019,21091,19579,1512
05162,2019,21572,19952,1620
05166,2019,14580,13642,938
05170,2019,17778,15819,1959
053,2019,235893,222102,13791
05314,2019,27094,25139,1955
05315,2019,62080,61594,486
05316,2019,8077,7887,190
05334,2019,27267,24987,2280
05334002,2019,18087,15773,2314
05354,2019,-,-,#VALUE!
05358,2019,12966,11557,1409
05362,2019,24951,23825,1126
05366,2019,10131,8732,1399
05370,2019,11538,9734,1804
05374,2019,10234,9802,432
05378,2019,12913,12174,739
05382,2019,28642,26671,1971
055,2019,112760,107502,5258
05512,2019,4808,4179,629
05513,2019,12240,12477,-237
05515,2019,20546,20173,373
05554,2019,12858,12145,713
05558,2019,9131,8124,1007
05562,2019,22965,21674,1291
05566,2019,17911,17028,883
05570,2019,12301,11702,599
057,2019,97683,93818,3865
05711,2019,21060,20300,760
05754,2019,20633,19726,907
05758,2019,10646,10110,536
05762,2019,6387,6145,242
05766,2019,13078,12970,108
05770,2019,11758,11325,433
05774,2019,14121,13242,879
059,2019,158235,150505,7730
05911,2019,18712,16721,1991
05913,2019,29030,27570,1460
05914,2019,9400,9113,287
05915,2019,9687,8331,1356
05916,2019,8185,7419,766
05954,2019,13123,11823,1300
05958,2019,9360,9077,283
05962,2019,13160,13490,-330
05966,2019,4569,5179,-610
05970,2019,10675,11366,-691
05974,2019,13410,12826,584
05978,2019,18924,17590,1334
06,2019,377920,349403,28517
064,2019,256750,236612,20138
06411,2019,13966,13581,385
06412,2019,66140,59409,6731
06413,2019,13011,11989,1022
06414,2019,16943,17378,-435
06431,2019,13197,11890,1307
06432,2019,16297,15466,831
06433,2019,16798,15813,985
06434,2019,13153,12290,863
06435,2019,20262,17954,2308
06436,2019,14403,13542,861
06437,2019,4850,4554,296
06438,2019,20781,18944,1837
06439,2019,9850,9195,655
06440,2019,17099,14607,2492
065,2019,61102,56793,4309
06531,2019,23792,21822,1970
06532,2019,9061,8598,463
06533,2019,8548,8004,544
06534,2019,15075,14116,959
06535,2019,4626,4253,373
066,2019,60068,55998,4070
06611,2019,15412,14920,492
06631,2019,8889,7975,914
06632,2019,6695,6353,342
06633,2019,11235,9914,1321
06634,2019,7172,6724,448
06635,2019,5974,5751,223
06636,2019,4691,4361,330
07,2019,242682,222266,20416
071,2019,75400,67779,7621
07111,2019,8869,8649,220
07131,2019,6357,5455,902
07132,2019,5972,5363,609
07133,2019,7000,6215,785
07134,2019,4038,3419,619
07135,2019,2927,2755,172
07137,2019,10299,9384,915
07138,2019,9475,8117,1358
07140,2019,4964,4373,591
07141,2019,6175,5736,439
07143,2019,9324,8313,1011
072,2019,36472,32919,3553
07211,2019,13532,12510,1022
07231,2019,5956,5363,593
07232,2019,4566,3789,777
07233,2019,2933,2528,405
07235,2019,9485,8729,756
073,2019,130810,121568,9242
07311,2019,3426,3123,303
07312,2019,8261,7859,402
07313,2019,4108,3843,265
07314,2019,14010,12852,1158
07315,2019,17824,16510,1314
07316,2019,3308,2918,390
07317,2019,2753,2597,156
07318,2019,4606,4223,383
07319,2019,5964,5581,383
07320,2019,2035,1902,133
07331,2019,7171,6470,701
07332,2019,6758,6045,713
07333,2019,3772,3284,488
07334,2019,6735,6577,158
07335,2019,5503,5623,-120
07336,2019,4296,4330,-34
07337,2019,5878,5365,513
07338,2019,8873,8039,834
07339,2019,11638,10873,765
07340,2019,3891,3554,337
08,2019,644357,606575,37782
081,2019,223221,212440,10781
08111,2019,48058,48171,-113
08115,2019,20171,19522,649
08116,2019,27141,25774,1367
08117,2019,11426,10102,1324
08118,2019,26986,26153,833
08119,2019,18120,16795,1325
08121,2019,11323,10690,633
08125,2019,19874,18675,1199
08126,2019,5610,4956,654
08127,2019,9259,8181,1078
08128,2019,5660,5246,414
08135,2019,6250,5603,647
08136,2019,13343,12572,771
082,2019,191512,181348,10164
08211,2019,4505,4001,504
08212,2019,26166,26488,-322
08215,2019,23714,21859,1855
08216,2019,11421,10463,958
08221,2019,27683,27125,558
08222,2019,28138,26621,1517
08225,2019,6423,5815,608
08226,2019,26824,25239,1585
08231,2019,10052,9589,463
08235,2019,9560,8550,1010
08236,2019,10925,10064,861
08237,2019,6101,5534,567
083,2019,124144,115440,8704
08311,2019,20959,20419,540
08315,2019,17209,16268,941
08316,2019,8143,6998,1145
08317,2019,17648,15558,2090
08325,2019,6035,5459,576
08326,2019,10731,10330,401
08327,2019,6872,6194,678
08335,2019,17968,16604,1364
08336,2019,10225,9925,300
08337,2019,8354,7685,669
084,2019,105480,97347,8133
08415,2019,13135,12321,814
08416,2019,15952,14961,991
08417,2019,8366,7302,1064
08421,2019,11519,11168,351
08425,2019,11052,10071,981
08426,2019,9878,8636,1242
08435,2019,12961,11437,1524
08436,2019,14281,13205,1076
08437,2019,8336,8246,90
09,2019,778125,719577,58548
091,2019,304684,282716,21968
09161,2019,10878,10781,97
09162,2019,111306,102704,8602
09163,2019,4910,4602,308
09171,2019,4947,4411,536
09172,2019,5029,4465,564
09173,2019,7102,6263,839
09174,2019,9091,8337,754
09175,2019,10094,8611,1483
09176,2019,6929,6717,212
09177,2019,8008,7608,400
09178,2019,13490,13018,472
09179,2019,13446,13575,-129
09180,2019,5119,4818,301
09181,2019,5737,5409,328
09182,2019,5567,5032,535
09183,2019,6829,6064,765
09184,2019,27973,26388,1585
09185,2019,4988,4310,678
09186,2019,8615,7601,1014
09187,2019,12643,11779,864
09188,2019,8900,8121,779
09189,2019,7280,6675,605
09190,2019,5803,5427,376
092,2019,67108,59234,7874
09261,2019,7180,6147,1033
09262,2019,4802,4306,496
09263,2019,3903,3794,109
09271,2019,6216,5889,327
09272,2019,2707,2370,337
09273,2019,6521,5754,767
09274,2019,9013,7782,1231
09275,2019,8175,6957,1218
09276,2019,2443,2413,30
09277,2019,5468,4227,1241
09278,2019,5254,4658,596
09279,2019,5426,4937,489
093,2019,57813,53497,4316
09361,2019,3006,2546,460
09362,2019,15084,14977,107
09363,2019,3013,2635,378
09371,2019,4260,4169,91
09372,2019,4180,3661,519
09373,2019,5715,4678,1037
09374,2019,3717,3499,218
09375,2019,9889,9390,499
09376,2019,6625,5589,1036
09377,2019,2324,2353,-29
094,2019,54264,52551,1713
09461,2019,8408,8543,-135
09462,2019,7048,6638,410
09463,2019,3027,2990,37
09464,2019,3463,3417,46
09471,2019,6246,6053,193
09472,2019,4115,3770,345
09473,2019,3708,3581,127
09474,2019,4627,4387,240
09475,2019,3571,3506,65
09476,2019,2047,2051,-4
09477,2019,2633,2508,125
09478,2019,2656,2453,203
09479,2019,2715,2654,61
095,2019,114517,107614,6903
09561,2019,3119,3150,-31
09562,2019,10271,9637,634
09563,2019,9621,8981,640
09564,2019,40311,40015,296
09565,2019,2737,2454,283
09571,2019,9051,8078,973
09572,2019,8212,7108,1104
09573,2019,8545,7787,758
09574,2019,7862,7084,778
09575,2019,5253,4386,867
09576,2019,5776,5738,38
09577,2019,3759,3196,563
096,2019,67996,64995,3001
09661,2019,5270,4769,501
09662,2019,4860,5236,-376
09663,2019,12307,12041,266
09671,2019,7556,7290,266
09672,2019,4097,3587,510
09673,2019,2736,2561,175
09674,2019,2837,2857,-20
09675,2019,4756,4372,384
09676,2019,4819,4585,234
09677,2019,4460,4322,138
09678,2019,6022,5551,471
09679,2019,8276,7824,452
097,2019,111743,98970,12773
09761,2019,21211,19897,1314
09762,2019,2925,2330,595
09763,2019,5144,4802,342
09764,2019,2961,2595,366
09771,2019,7158,6068,1090
09772,2019,13640,11626,2014
09773,2019,4229,3538,691
09774,2019,6788,5494,1294
09775,2019,11483,10515,968
09776,2019,4742,4231,511
09777,2019,7076,6039,1037
09778,2019,8290,6920,1370
09779,2019,8263,7920,343
09780,2019,7833,6995,838
10,2019,42231,40069,2162
10041,2019,15669,15087,582
10041100,2019,10602,10063,539
10042,2019,4458,3920,538
10043,2019,5479,5375,104
10044,2019,7424,7175,249
10045,2019,6245,5701,544
10046,2019,2956,2811,145
11000,2019,184744,161513,23231
11001001,2019,.,.,#VALUE!
11002002,2019,.,.,#VALUE!
11003003,2019,.,.,#VALUE!
11004004,2019,.,.,#VALUE!
11005005,2019,.,.,#VALUE!
11006006,2019,.,.,#VALUE!
11007007,2019,.,.,#VALUE!
11008008,2019,.,.,#VALUE!
11009009,2019,.,.,#VALUE!
11010010,2019,.,.,#VALUE!
11011011,2019,.,.,#VALUE!
11012012,2019,.,.,#VALUE!
12,2019,119312,96398,22914
12051,2019,3427,2773,654
12052,2019,4686,4816,-130
12053,2019,3415,3170,245
12054,2019,11400,9337,2063
12060,2019,9732,6435,3297
12061,2019,9207,6819,2388
12062,2019,3925,3877,48
12063,2019,7495,5691,1804
12064,2019,8411,6010,2401
12065,2019,9238,6758,2480
12066,2019,3321,3494,-173
12067,2019,10442,9168,1274
12068,2019,3443,2963,480
12069,2019,11225,8496,2729
12070,2019,2654,2307,347
12071,2019,3603,3253,350
12072,2019,10115,7742,2373
12073,2019,3573,3289,284
13,2019,69377,61334,8043
13001,2019,-,-,#VALUE!
13002,2019,-,-,#VALUE!
13003,2019,12070,11084,986
13004,2019,6826,6433,393
13005,2019,-,-,#VALUE!
13006,2019,-,-,#VALUE!
13051,2019,-,-,#VALUE!
13052,2019,-,-,#VALUE!
13053,2019,-,-,#VALUE!
13054,2019,-,-,#VALUE!
13055,2019,-,-,#VALUE!
13056,2019,-,-,#VALUE!
13057,2019,-,-,#VALUE!
13058,2019,-,-,#VALUE!
13059,2019,-,-,#VALUE!
13060,2019,-,-,#VALUE!
13061,2019,-,-,#VALUE!
13062,2019,-,-,#VALUE!
13071,2019,7442,6694,748
13072,2019,9567,7907,1660
13073,2019,9334,7631,1703
13074,2019,6579,5343,1236
13075,2019,8640,7696,944
13076,2019,8919,8546,373
14,2019,162041,146429,15612
141,2019,-,-,#VALUE!
14161,2019,-,-,#VALUE!
14166,2019,-,-,#VALUE!
14167,2019,-,-,#VALUE!
14171,2019,-,-,#VALUE!
14173,2019,-,-,#VALUE!
14177,2019,-,-,#VALUE!
14178,2019,-,-,#VALUE!
14181,2019,-,-,#VALUE!
14182,2019,-,-,#VALUE!
14188,2019,-,-,#VALUE!
14191,2019,-,-,#VALUE!
14193,2019,-,-,#VALUE!
142,2019,-,-,#VALUE!
14262,2019,-,-,#VALUE!
14263,2019,-,-,#VALUE!
14264,2019,-,-,#VALUE!
14272,2019,-,-,#VALUE!
14280,2019,-,-,#VALUE!
14284,2019,-,-,#VALUE!
14285,2019,-,-,#VALUE!
14286,2019,-,-,#VALUE!
14287,2019,-,-,#VALUE!
14290,2019,-,-,#VALUE!
14292,2019,-,-,#VALUE!
143,2019,-,-,#VALUE!
14365,2019,-,-,#VALUE!
14374,2019,-,-,#VALUE!
14375,2019,-,-,#VALUE!
14379,2019,-,-,#VALUE!
14383,2019,-,-,#VALUE!
14389,2019,-,-,#VALUE!
145,2019,43867,42462,1405
14511,2019,12795,12321,474
14521,2019,7211,7159,52
14522,2019,9126,8949,177
14523,2019,6329,5886,443
14524,2019,8406,8147,259
146,2019,62826,57083,5743
14612,2019,31209,29111,2098
14625,2019,8020,7152,868
14626,2019,7066,6805,261
14627,2019,8510,7404,1106
14628,2019,8021,6611,1410
147,2019,55348,46884,8464
14713,2019,36960,31750,5210
14729,2019,9659,7700,1959
14730,2019,8729,7434,1295
15,2019,85709,83281,2428
15001,2019,2958,3186,-228
15002,2019,12875,12826,49
15003,2019,13192,13510,-318
15081,2019,2662,2716,-54
15082,2019,5698,5700,-2
15083,2019,5794,5580,214
15084,2019,7062,6795,267
15085,2019,8642,7697,945
15086,2019,3369,2955,414
15087,2019,3469,3462,7
15088,2019,6687,6304,383
15089,2019,6071,5517,554
15090,2019,3115,3131,-16
15091,2019,4115,3902,213
151,2019,-,-,#VALUE!
15101,2019,-,-,#VALUE!
15151,2019,-,-,#VALUE!
15153,2019,-,-,#VALUE!
15154,2019,-,-,#VALUE!
15159,2019,-,-,#VALUE!
15171,2019,-,-,#VALUE!
152,2019,-,-,#VALUE!
15202,2019,-,-,#VALUE!
15256,2019,-,-,#VALUE!
15260,2019,-,-,#VALUE!
15261,2019,-,-,#VALUE!
15265,2019,-,-,#VALUE!
15266,2019,-,-,#VALUE!
15268,2019,-,-,#VALUE!
153,2019,-,-,#VALUE!
15303,2019,-,-,#VALUE!
15352,2019,-,-,#VALUE!
15355,2019,-,-,#VALUE!
15357,2019,-,-,#VALUE!
15358,2019,-,-,#VALUE!
15362,2019,-,-,#VALUE!
15363,2019,-,-,#VALUE!
15364,2019,-,-,#VALUE!
15367,2019,-,-,#VALUE!
15369,2019,-,-,#VALUE!
15370,2019,-,-,#VALUE!
16,2019,84898,81526,3372
16051,2019,11358,10611,747
16052,2019,3574,3931,-357
16053,2019,7019,7014,5
16054,2019,4806,4584,222
16055,2019,4267,3862,405
16056,2019,2088,1967,121
16061,2019,2665,2792,-127
16062,2019,2885,2659,226
16063,2019,3602,3644,-42
16064,2019,2937,2986,-49
16065,2019,1906,1988,-82
16066,2019,4370,4072,298
16067,2019,5565,5373,192
16068,2019,2316,2100,216
16069,2019,2065,1932,133
16070,2019,4824,4543,281
16071,2019,3265,2748,517
16072,2019,2089,2161,-72
16073,2019,2439,2465,-26
16074,2019,3072,2709,363
16075,2019,2329,2224,105
16076,2019,3121,2942,179
16077,2019,2336,2219,117
DG,2018,4405531,4005851,399680
01,2018,158405,140198,18207
01001,2018,8936,7608,1328
01002,2018,15855,15673,182
01003,2018,12038,10320,1718
01004,2018,6393,5806,587
01051,2018,5586,4934,652
01053,2018,10290,8551,1739
01054,2018,8151,7218,933
01055,2018,10076,8549,1527
01056,2018,16899,14502,2397
01057,2018,6144,5733,411
01058,2018,12958,12120,838
01059,2018,9992,8553,1439
01060,2018,16213,13614,2599
01061,2018,6161,5741,420
01062,2018,12713,11276,1437
02000,2018,95790,87811,7979
03,2018,429953,386429,43524
031,2018,93421,86527,6894
03101,2018,16944,16108,836
03102,2018,6427,5830,597
03103,2018,6596,6163,433
03151,2018,7597,6695,902
03152,2018,-,-,#VALUE!
03153,2018,7403,6690,713
03154,2018,4149,3984,165
03155,2018,5250,4678,572
03156,2018,-,-,#VALUE!
03157,2018,6187,5089,1098
03158,2018,5540,5468,72
03159,2018,27328,25822,1506
032,2018,98176,85358,12818
03241,2018,49193,42127,7066
03241001,2018,29624,23375,6249
03251,2018,12709,11108,1601
03252,2018,6713,5438,1275
03254,2018,11464,10252,1212
03255,2018,3473,3158,315
03256,2018,7338,6824,514
03257,2018,7286,6451,835
033,2018,86098,75531,10567
03351,2018,7984,7013,971
03352,2018,8640,7359,1281
03353,2018,13367,11575,1792
03354,2018,2291,1834,457
03355,2018,9621,8496,1125
03356,2018,5059,4221,838
03357,2018,7077,6582,495
03358,2018,12341,11237,1104
03359,2018,9761,8196,1565
03360,2018,4006,3544,462
03361,2018,5951,5474,477
034,2018,152258,139013,13245
03401,2018,4746,4554,192
03402,2018,2692,2915,-223
03403,2018,13055,11898,1157
03404,2018,13561,13338,223
03405,2018,5324,4846,478
03451,2018,6999,6050,949
03452,2018,7925,7082,843
03453,2018,14734,13591,1143
03454,2018,18154,15996,2158
03455,2018,4681,4130,551
03456,2018,5032,4219,813
03457,2018,7908,6572,1336
03458,2018,10178,9565,613
03459,2018,19316,17580,1736
03460,2018,10677,9961,716
03461,2018,4124,4088,36
03462,2018,3152,2628,524
04,2018,38719,35358,3361
04011,2018,30598,28200,2398
04012,2018,8121,7158,963
05,2018,880068,827597,52471
051,2018,272374,256460,15914
05111,2018,42078,40864,1214
05112,2018,29278,27588,1690
05113,2018,31124,30208,916
05114,2018,12409,11324,1085
05116,2018,17849,17568,281
05117,2018,7648,7409,239
05119,2018,9670,9358,312
05120,2018,5102,4345,757
05122,2018,7069,5994,1075
05124,2018,16885,15422,1463
05154,2018,17455,16837,618
05158,2018,21706,19571,2135
05162,2018,21333,19307,2026
05166,2018,15469,14403,1066
05170,2018,17299,16262,1037
053,2018,238942,221562,17380
05314,2018,26805,25459,1346
05315,2018,64938,60726,4212
05316,2018,7947,7440,507
05334,2018,26529,24453,2076
05334002,2018,17794,15879,1915
05354,2018,-,-,#VALUE!
05358,2018,12833,11798,1035
05362,2018,25199,22601,2598
05366,2018,10121,9076,1045
05370,2018,11860,10233,1627
05374,2018,10375,10027,348
05378,2018,13215,12073,1142
05382,2018,29120,27676,1444
055,2018,114010,107284,6726
05512,2018,4522,3937,585
05513,2018,12540,11651,889
05515,2018,21621,21433,188
05554,2018,13457,12499,958
05558,2018,9007,8181,826
05562,2018,22408,21275,1133
05566,2018,18393,17071,1322
05570,2018,12062,11237,825
057,2018,94950,89963,4987
05711,2018,18922,17360,1562
05754,2018,19925,18661,1264
05758,2018,10852,10724,128
05762,2018,6664,6922,-258
05766,2018,13597,13268,329
05770,2018,11465,10936,529
05774,2018,13525,12092,1433
059,2018,159792,152328,7464
05911,2018,17343,17212,131
05913,2018,29184,28201,983
05914,2018,10142,8967,1175
05915,2018,8910,8565,345
05916,2018,7833,7084,749
05954,2018,13125,11886,1239
05958,2018,9577,9544,33
05962,2018,13600,13245,355
05966,2018,4441,4426,15
05970,2018,12045,11732,313
05974,2018,14364,13326,1038
05978,2018,19228,18140,1088
06,2018,379733,349890,29843
064,2018,256906,236466,20440
06411,2018,14715,14025,690
06412,2018,62696,59747,2949
06413,2018,12747,11181,1566
06414,2018,17310,18186,-876
06431,2018,13605,11892,1713
06432,2018,16690,15022,1668
06433,2018,17948,15143,2805
06434,2018,13113,11983,1130
06435,2018,20231,18464,1767
06436,2018,14288,13463,825
06437,2018,5124,4479,645
06438,2018,21116,18679,2437
06439,2018,10064,8979,1085
06440,2018,17259,15223,2036
065,2018,61975,58097,3878
06531,2018,25058,23415,1643
06532,2018,9087,8616,471
06533,2018,8636,7965,671
06534,2018,14595,13531,1064
06535,2018,4599,4570,29
066,2018,60852,55327,5525
06611,2018,15854,14966,888
06631,2018,9180,8029,1151
06632,2018,6333,5919,414
06633,2018,11211,10010,1201
06634,2018,7361,6722,639
06635,2018,6130,5536,594
06636,2018,4783,4145,638
07,2018,241782,219277,22505
071,2018,75481,67135,8346
07111,2018,9245,8675,570
07131,2018,6675,5351,1324
07132,2018,5872,5457,415
07133,2018,7204,6107,1097
07134,2018,3991,3446,545
07135,2018,2963,2661,302
07137,2018,10493,9272,1221
07138,2018,8882,7995,887
07140,2018,4605,4203,402
07141,2018,6179,5730,449
07143,2018,9372,8238,1134
072,2018,35027,31913,3114
07211,2018,13065,12285,780
07231,2018,5804,5190,614
07232,2018,4430,3837,593
07233,2018,2936,2624,312
07235,2018,8792,7977,815
073,2018,131274,120229,11045
07311,2018,3490,3243,247
07312,2018,8044,7680,364
07313,2018,3979,3501,478
07314,2018,14452,11950,2502
07315,2018,17815,16033,1782
07316,2018,3158,3153,5
07317,2018,2696,2572,124
07318,2018,3990,4350,-360
07319,2018,5701,5358,343
07320,2018,2082,1951,131
07331,2018,7352,6541,811
07332,2018,6531,6040,491
07333,2018,3671,3393,278
07334,2018,7005,6267,738
07335,2018,5936,5528,408
07336,2018,4297,4188,109
07337,2018,5648,5477,171
07338,2018,8627,7756,871
07339,2018,12837,11489,1348
07340,2018,3963,3759,204
08,2018,654907,604000,50907
081,2018,228527,212097,16430
08111,2018,49647,48513,1134
08115,2018,20877,19443,1434
08116,2018,27073,25571,1502
08117,2018,11382,10115,1267
08118,2018,27506,26634,872
08119,2018,18579,17154,1425
08121,2018,11127,10291,836
08125,2018,20561,18342,2219
08126,2018,5635,4924,711
08127,2018,9995,8206,1789
08128,2018,5623,5110,513
08135,2018,6294,5536,758
08136,2018,14228,12258,1970
082,2018,195197,182226,12971
08211,2018,4466,3799,667
08212,2018,27072,25422,1650
08215,2018,23569,21204,2365
08216,2018,11537,10233,1304
08221,2018,27536,28166,-630
08222,2018,30516,28985,1531
08225,2018,6371,5771,600
08226,2018,26279,24434,1845
08231,2018,10568,9329,1239
08235,2018,10016,8932,1084
08236,2018,11032,10356,676
08237,2018,6235,5595,640
083,2018,125838,114568,11270
08311,2018,20947,20744,203
08315,2018,17197,16630,567
08316,2018,7836,7009,827
08317,2018,18337,14286,4051
08325,2018,6271,5506,765
08326,2018,11713,10250,1463
08327,2018,6925,6173,752
08335,2018,17868,16364,1504
08336,2018,10437,10025,412
08337,2018,8307,7581,726
084,2018,105345,95109,10236
08415,2018,13611,12351,1260
08416,2018,15858,14699,1159
08417,2018,8348,7131,1217
08421,2018,11682,11135,547
08425,2018,11053,9721,1332
08426,2018,9617,8327,1290
08435,2018,12973,11215,1758
08436,2018,13879,13049,830
08437,2018,8324,7481,843
09,2018,786955,700589,86366
091,2018,308463,279328,29135
09161,2018,11609,10223,1386
09162,2018,113513,105396,8117
09163,2018,4904,4763,141
09171,2018,5275,4310,965
09172,2018,4974,4105,869
09173,2018,6796,6173,623
09174,2018,8850,7969,881
09175,2018,9133,7910,1223
09176,2018,7070,6617,453
09177,2018,7713,7196,517
09178,2018,13011,12364,647
09179,2018,14121,12858,1263
09180,2018,5410,4846,564
09181,2018,6122,5236,886
09182,2018,5544,4798,746
09183,2018,7113,6099,1014
09184,2018,28171,25708,2463
09185,2018,4581,4089,492
09186,2018,8050,7223,827
09187,2018,13507,11624,1883
09188,2018,8860,8143,717
09189,2018,7686,6450,1236
09190,2018,6450,5228,1222
092,2018,67302,56679,10623
09261,2018,7309,6075,1234
09262,2018,5070,4237,833
09263,2018,3670,3369,301
09271,2018,6204,5330,874
09272,2018,2694,2349,345
09273,2018,6335,5327,1008
09274,2018,8935,7545,1390
09275,2018,8693,6640,2053
09276,2018,2663,2169,494
09277,2018,4961,4243,718
09278,2018,5305,4439,866
09279,2018,5463,4956,507
093,2018,57875,50954,6921
09361,2018,2742,2811,-69
09362,2018,15110,13501,1609
09363,2018,2956,2792,164
09371,2018,4355,3898,457
09372,2018,4248,3267,981
09373,2018,5802,4829,973
09374,2018,3438,3414,24
09375,2018,10344,8889,1455
09376,2018,6538,5422,1116
09377,2018,2342,2131,211
094,2018,55918,50912,5006
09461,2018,9399,8928,471
09462,2018,7359,6417,942
09463,2018,3126,2943,183
09464,2018,3347,3124,223
09471,2018,5977,5350,627
09472,2018,3911,3662,249
09473,2018,3726,3331,395
09474,2018,4721,4086,635
09475,2018,3823,3519,304
09476,2018,2130,2030,100
09477,2018,2674,2434,240
09478,2018,2809,2463,346
09479,2018,2916,2625,291
095,2018,118260,105551,12709
09561,2018,3392,3094,298
09562,2018,10177,9222,955
09563,2018,10097,8940,1157
09564,2018,41717,38553,3164
09565,2018,2576,2486,90
09571,2018,9268,8171,1097
09572,2018,8053,7031,1022
09573,2018,9659,8353,1306
09574,2018,7881,6675,1206
09575,2018,5002,4049,953
09576,2018,6718,5715,1003
09577,2018,3720,3262,458
096,2018,68620,62120,6500
09661,2018,5352,4682,670
09662,2018,5370,4522,848
09663,2018,12873,11608,1265
09671,2018,7636,7078,558
09672,2018,4328,3802,526
09673,2018,2769,2566,203
09674,2018,2953,2699,254
09675,2018,4892,4218,674
09676,2018,4833,4258,575
09677,2018,4625,4339,286
09678,2018,5088,4886,202
09679,2018,7901,7462,439
097,2018,110517,95045,15472
09761,2018,21621,19438,2183
09762,2018,2922,2322,600
09763,2018,5193,4563,630
09764,2018,3009,2563,446
09771,2018,6875,5997,878
09772,2018,13147,11439,1708
09773,2018,4366,3445,921
09774,2018,6438,5184,1254
09775,2018,11350,9557,1793
09776,2018,4908,4181,727
09777,2018,7024,6015,1009
09778,2018,8127,6484,1643
09779,2018,7879,7199,680
09780,2018,7658,6658,1000
10,2018,42091,40035,2056
10041,2018,15377,14438,939
10041100,2018,10531,9701,830
10042,2018,4300,4012,288
10043,2018,5634,5712,-78
10044,2018,7757,7116,641
10045,2018,6111,5982,129
10046,2018,2912,2775,137
11000,2018,180105,150670,29435
11001001,2018,.,.,#VALUE!
11002002,2018,.,.,#VALUE!
11003003,2018,.,.,#VALUE!
11004004,2018,.,.,#VALUE!
11005005,2018,.,.,#VALUE!
11006006,2018,.,.,#VALUE!
11007007,2018,.,.,#VALUE!
11008008,2018,.,.,#VALUE!
11009009,2018,.,.,#VALUE!
11010010,2018,.,.,#VALUE!
11011011,2018,.,.,#VALUE!
11012012,2018,.,.,#VALUE!
12,2018,115152,94090,21062
12051,2018,3244,2519,725
12052,2018,4581,4879,-298
12053,2018,3348,3251,97
12054,2018,11677,9534,2143
12060,2018,8659,5983,2676
12061,2018,8811,6413,2398
12062,2018,3929,3831,98
12063,2018,7579,5607,1972
12064,2018,8160,5797,2363
12065,2018,8814,6597,2217
12066,2018,3507,3143,364
12067,2018,10237,8856,1381
12068,2018,3501,3090,411
12069,2018,10842,8539,2303
12070,2018,2416,2431,-15
12071,2018,3268,3367,-99
12072,2018,9075,7023,2052
12073,2018,3504,3230,274
13,2018,68550,60891,7659
13001,2018,-,-,#VALUE!
13002,2018,-,-,#VALUE!
13003,2018,11420,10496,924
13004,2018,6684,6207,477
13005,2018,-,-,#VALUE!
13006,2018,-,-,#VALUE!
13051,2018,-,-,#VALUE!
13052,2018,-,-,#VALUE!
13053,2018,-,-,#VALUE!
13054,2018,-,-,#VALUE!
13055,2018,-,-,#VALUE!
13056,2018,-,-,#VALUE!
13057,2018,-,-,#VALUE!
13058,2018,-,-,#VALUE!
13059,2018,-,-,#VALUE!
13060,2018,-,-,#VALUE!
13061,2018,-,-,#VALUE!
13062,2018,-,-,#VALUE!
13071,2018,7263,6908,355
13072,2018,9032,7547,1485
13073,2018,9060,7650,1410
13074,2018,6174,5531,643
13075,2018,9069,7754,1315
13076,2018,9848,8798,1050
14,2018,160901,142914,17987
141,2018,-,-,#VALUE!
14161,2018,-,-,#VALUE!
14166,2018,-,-,#VALUE!
14167,2018,-,-,#VALUE!
14171,2018,-,-,#VALUE!
14173,2018,-,-,#VALUE!
14177,2018,-,-,#VALUE!
14178,2018,-,-,#VALUE!
14181,2018,-,-,#VALUE!
14182,2018,-,-,#VALUE!
14188,2018,-,-,#VALUE!
14191,2018,-,-,#VALUE!
14193,2018,-,-,#VALUE!
142,2018,-,-,#VALUE!
14262,2018,-,-,#VALUE!
14263,2018,-,-,#VALUE!
14264,2018,-,-,#VALUE!
14272,2018,-,-,#VALUE!
14280,2018,-,-,#VALUE!
14284,2018,-,-,#VALUE!
14285,2018,-,-,#VALUE!
14286,2018,-,-,#VALUE!
14287,2018,-,-,#VALUE!
14290,2018,-,-,#VALUE!
14292,2018,-,-,#VALUE!
143,2018,-,-,#VALUE!
14365,2018,-,-,#VALUE!
14374,2018,-,-,#VALUE!
14375,2018,-,-,#VALUE!
14379,2018,-,-,#VALUE!
14383,2018,-,-,#VALUE!
14389,2018,-,-,#VALUE!
145,2018,44196,41335,2861
14511,2018,13574,12015,1559
14521,2018,7278,7247,31
14522,2018,9197,8675,522
14523,2018,5805,5501,304
14524,2018,8342,7897,445
146,2018,62457,55948,6509
14612,2018,31878,28736,3142
14625,2018,7316,6998,318
14626,2018,7274,6549,725
14627,2018,8116,7317,799
14628,2018,7873,6348,1525
147,2018,54248,45631,8617
14713,2018,36395,30370,6025
14729,2018,9197,7743,1454
14730,2018,8656,7518,1138
15,2018,84922,83163,1759
15001,2018,2864,2915,-51
15002,2018,12977,12189,788
15003,2018,13990,12871,1119
15081,2018,2595,2719,-124
15082,2018,5567,5500,67
15083,2018,5694,5553,141
15084,2018,6736,7019,-283
15085,2018,8540,8399,141
15086,2018,3294,3119,175
15087,2018,3273,3579,-306
15088,2018,6785,6410,375
15089,2018,5620,5775,-155
15090,2018,3028,3303,-275
15091,2018,3959,3812,147
151,2018,-,-,#VALUE!
15101,2018,-,-,#VALUE!
15151,2018,-,-,#VALUE!
15153,2018,-,-,#VALUE!
15154,2018,-,-,#VALUE!
15159,2018,-,-,#VALUE!
15171,2018,-,-,#VALUE!
152,2018,-,-,#VALUE!
15202,2018,-,-,#VALUE!
15256,2018,-,-,#VALUE!
15260,2018,-,-,#VALUE!
15261,2018,-,-,#VALUE!
15265,2018,-,-,#VALUE!
15266,2018,-,-,#VALUE!
15268,2018,-,-,#VALUE!
153,2018,-,-,#VALUE!
15303,2018,-,-,#VALUE!
15352,2018,-,-,#VALUE!
15355,2018,-,-,#VALUE!
15357,2018,-,-,#VALUE!
15358,2018,-,-,#VALUE!
15362,2018,-,-,#VALUE!
15363,2018,-,-,#VALUE!
15364,2018,-,-,#VALUE!
15367,2018,-,-,#VALUE!
15369,2018,-,-,#VALUE!
15370,2018,-,-,#VALUE!
16,2018,87498,82939,4559
16051,2018,12162,11028,1134
16052,2018,3867,3891,-24
16053,2018,7496,7206,290
16054,2018,5145,5081,64
16055,2018,4299,3435,864
16056,2018,2099,2147,-48
16061,2018,2639,2650,-11
16062,2018,2697,2892,-195
16063,2018,3737,3737,0
16064,2018,2982,2958,24
16065,2018,1920,2045,-125
16066,2018,4094,3734,360
16067,2018,5821,5113,708
16068,2018,2306,2243,63
16069,2018,1893,1897,-4
16070,2018,5120,4600,520
16071,2018,3348,3172,176
16072,2018,2255,1871,384
16073,2018,2658,2745,-87
16074,2018,3141,2726,415
16075,2018,2341,2333,8
16076,2018,3070,3246,-176
16077,2018,2408,2189,219